path,bytes,sha256
00_先读这个_README.md,3289,261D8BF2DFDFF0673EDA1212DAFB6F3E36971071877CF9FE8166684DF1E443CB
00_核心模型公式_合订阅读.md,8231,DC529ABAACDFA782E5416FD76A1E2B0D3C2DEA03C572282E8B482399E5FA4AE8
00_核心模型公式_离线预览.html,24962,B3C34ADBE341D2DCD789DDF5736AD89466F7BF09CDF717E51CEDBF1318754D45
00_认知还是偏好_直接回答.md,2413,26005B72E3E18A68B46AC9EBEAE416144FCADB3914B8FFCC07B1D3E7406C31AB
01_existing_fuel_batch/00_文献名录.md,3100,6F2F914F9FDE2F7D19720B65EB0BEE58519778AFD670390A2F30314BF4679D97
01_existing_fuel_batch/00_综述报告_燃油经济性与工况切换.md,41066,A199D1349C3C8E32CF6B7636549CC97957E92DAE99BB2BEFE7B5D2D4EF41C976
01_existing_fuel_batch/cards/P01_Barwick_Kwon_Li_Zahur_2025_精读卡.md,14234,2CDD51B4BB046D81706ABE33506278F7148B6CB5B2587D92959622C8FCCA57D7
01_existing_fuel_batch/cards/P02_Barwick_Kwon_Li_2024_精读卡.md,11433,8EB94D5F5E870CA6CDCE1D22E87D87A5371478F38B8121BD9A3F47E9101FD080
01_existing_fuel_batch/cards/P03_Xia_Zhang_2025_精读卡.md,9214,6FE032D06EA58333773BEA8667410C9907A48411EA8B1F26D3F1C7271A9AAA82
01_existing_fuel_batch/cards/P04_Leard_Linn_Springel_2023_精读卡.md,10472,711ECBE1E1D27DF58CE3C7E9EFAF494D2AC1217248BFF3328BBDEF8AB9BED98C
01_existing_fuel_batch/cards/P05_Barwick等_2025_精读卡.md,16251,ED9A58B5AAA548599CA88F994CA645850CCD28D7603F1084D44DA7A024734E8F
01_existing_fuel_batch/cards/P06_Zhang_Popp_2026_精读卡.md,22618,AFB5A6BFFEE3774860A9C004EC5A4CAAE5153A24893C398593B4A03C56FD6DC8
01_existing_fuel_batch/cards/P07_Schloter_2022_精读卡.md,7453,58412AE55C9B35713381972BC719576B0A3B6FC057871F37262C5AE85B326F5B
01_existing_fuel_batch/cards/P08_Allcott_等_2026_精读卡.md,19555,D8E3CACFBD7E1073FD842CA0A7A26E8EF354FF0D29F90E793F67BD136BC73E91
01_existing_fuel_batch/cards/P09_Gavazza_Lizzeri_Roketskiy_2014_精读卡.md,11154,BDCED36224882A3DCE0D986FFB0C114F03312337DDDC7B33CDC180875E684560
01_existing_fuel_batch/cards/P10_Kaneko_Toyama_2025_精读卡.md,11612,DFE475864AE58F2FA83A5A3F688D3A6B1C4B00A1A80B03154A989F4B63A0B183
01_existing_fuel_batch/cards/P11_Roberson_2024_精读卡.md,9957,C4224C974939E6F1450F5DEB6306CD17396BDB299DEF009E65162865BF99EE89
01_existing_fuel_batch/cards/P12_Andreassen_Lind_2024_精读卡.md,9762,5FE046CF29D06135AB137E5BC780A68981E92B4EBBD8546B2B4973B8BD656107
01_existing_fuel_batch/cards/P13_Zhang_Zhao_2021_精读卡.md,20050,98A02A82817245975CB75FE4362AFECF4236E929DE60E64A214403337AD4D9CA
01_existing_fuel_batch/cards/P14_Yan_Lin_Chen_2026_精读卡.md,24313,BC4693A38664FBBF21BB02A446AA7BA72BBE757652A9A3BC8DE189B4B40DDC34
01_existing_fuel_batch/cards/P15_Gillingham2021_消费者短视_精读卡.md,10526,3B7C2D4A98FA433F1887C9EC9E61693BA2F05075D03C249439CA71908F44BDC9
01_existing_fuel_batch/cards/P16_Bento_Gillingham_Roth_2017_精读卡.md,12236,5465C67B74766847339B4D4CA07C40F085E48F618B0DF9171843AF99DFD27722
01_existing_fuel_batch/cards/P18_Bai_Barwick_Cao_Li_2022_精读卡.md,16828,28DF6AE7A5F1DB45A32BA9EB6952171FED4FA52C71F8394866D3E5617EBA0172
01_existing_fuel_batch/CHECKPOINT.md,11855,2F393583DB1EE3B164E759B7E7DAB493C645BD04F1D8E30B41F02A4D1259A701
01_existing_fuel_batch/manifest.json,5594,056ABC52658AC33389CE6376A462B28F73FFCFD399ED88F5E98B2BB826056050
01_existing_fuel_batch/original_pdfs/P01_w33378.pdf,3116019,A96D97D3AF0C120087505B699B6C5CCDB11C8D5DBB924611A1DCA3EE174B9A3F
01_existing_fuel_batch/original_pdfs/P02_w32264.pdf,812709,C686CEF999C93DA89EE031F4F8AA2EA6D417AAAC05EA481EB29CDDB174D1C0AB
01_existing_fuel_batch/original_pdfs/P03_EE2025_775.pdf,1004315,FA9ABE8D49307CC1FE75D30E04D2FABC7B5B423F1A6F081A6673C122AFEC9153
01_existing_fuel_batch/original_pdfs/P04_WP2304.pdf,1726080,368403B6D2DC015037AFA4825F24603D95B30BC3732A23B9FE5D40901CB025D2
01_existing_fuel_batch/original_pdfs/P05_IndPolSlides.pdf,1065242,84AF7ADF17F7D13138B97E3F2E3689AC98CB2E3A9805C55082B16E7FCCE31845
01_existing_fuel_batch/original_pdfs/P06_w34763.pdf,1319014,89F86F99070E2D892AE740E1C414BBA189628042ED71C707528DE804F7258BF2
01_existing_fuel_batch/original_pdfs/P07_TRP_S0967070X22002074.pdf,4992462,B1811E90623BCCEB45837595C3ECB39072E3CEFA6F58CAB04A41BFD7B678EFA2
01_existing_fuel_batch/original_pdfs/P08_w33032.pdf,1433034,8D32A3B9895653508794632686A2FFC1D3DBCF24FEE6529C21D439A139E963E8
01_existing_fuel_batch/original_pdfs/P09_Gavazza2014.pdf,494373,DB120C22848055A8239F96C7193F07118B231CDB32834989DCB5449250224A61
01_existing_fuel_batch/original_pdfs/P10_Kaneko2024_JIE.pdf,1512532,26A01D42001B6B4DDD2991201B2A1ED12BD1F624C928264090374286568DC21A
01_existing_fuel_batch/original_pdfs/P11_Roberson2024_ERL.pdf,904889,AE09B841DDC52062552A0545328A8DAED2C09422629A40DF1DD2B062FF15F172
01_existing_fuel_batch/original_pdfs/P12_EARE_872.pdf,3029765,358365C3BE9EBFFF8E7E9A3E831C01C9ADB3C51C0CBC404B1D05AB138C7D2325
01_existing_fuel_batch/original_pdfs/P13_ResaleValueGuarantee.pdf,1081288,EDD212648C9A57F4A2A7FF98443F0BDA6EF0928A7F923EA1918ECB6F80422123
01_existing_fuel_batch/original_pdfs/P14_TRA_S0965856426001679.pdf,2392375,DB5F6998F028A5DDC28C815D09AC93D470D85BDD8F4149F0D7FFC495C742B1B0
01_existing_fuel_batch/original_pdfs/P15_Gillingham2021_Myopia.pdf,757766,79E629C100DA04566A33F88714CAAD4FB44F90C6F46A91CFCD7E5EE1B4D9A81D
01_existing_fuel_batch/original_pdfs/P16_w23340.pdf,1507862,A66909D8F2C1F1F8DDD93C9167A7240A55672A69E7D49A66C5796496E97A609C
01_existing_fuel_batch/original_pdfs/P18_w27644.pdf,1193376,0CC883D8CA18C9BD15258C5BC8C8EEF004C7FD95FC2DB3294A66BC396B643E92
01_existing_fuel_batch/raw_text/P01_w33378.txt,192552,E962B391164A84D9717873E8FFBFB2FEC4162BC112413A4C1212A37C80362803
01_existing_fuel_batch/raw_text/P02_w32264.txt,143553,680DC6DC26226C277695A5BE5F2A0C54B50F734057C39A0616EE0ACCCAB8A122
01_existing_fuel_batch/raw_text/P03_EE2025_775.txt,92686,4BBB871FC2484B76123FAA0AF21CEAD00BEEB20BB570A567E665FDFB57B5549F
01_existing_fuel_batch/raw_text/P04_WP2304.txt,151220,91450090A11C4471BEE224764CA7D47FA2F0DE31FF64E4921479F0EA517B524B
01_existing_fuel_batch/raw_text/P05_IndPolSlides.txt,10876,315FFE4D8D5C2134387172FA634868381EE8AA55915358D708557468F6511831
01_existing_fuel_batch/raw_text/P06_w34763.txt,164178,D1224B527039F93EF38A45B39E78BE6089756C87C6F1C5CCB9ED089E364EAAA8
01_existing_fuel_batch/raw_text/P07_TRP_S0967070X22002074.txt,68568,D4A4B0A9A339E4ACD7436B0F4A8631C252725D9569A304B59CACEDA56F3D3996
01_existing_fuel_batch/raw_text/P08_w33032.txt,313807,407317E3961809DC101D75F2F8AC469F7A9402258E77F1003BF5D356544F7824
01_existing_fuel_batch/raw_text/P09_Gavazza2014.txt,110042,D8A6D75B5228F7159AA3EA2E3308E2DE2152786DD26B4CEFC688A805E6409383
01_existing_fuel_batch/raw_text/P10_Kaneko2024_JIE.txt,146544,4EF69AB227139616CDAEAE083D667355715BB14B2CBFD300EF991E28CB50B708
01_existing_fuel_batch/raw_text/P11_Roberson2024_ERL.txt,44329,6109C28FADFCCE0CFA775F904CA921B203C5B2DF5A917D13EA6FDD0FB0212EB6
01_existing_fuel_batch/raw_text/P12_EARE_872.txt,146437,AD6A93904FB7320A26582FE24EB26BC2E83983CCDAA67873BF71E9787463736D
01_existing_fuel_batch/raw_text/P13_ResaleValueGuarantee.txt,47634,E27683D5A273D44AC40C55D0D5BA2BAF8C0482F6AC4C11E6D7916374737198DC
01_existing_fuel_batch/raw_text/P14_TRA_S0965856426001679.txt,75673,6B66CE3DB7E7065B81E1A19C7CC55EC8E173CB08B63C798432549FE27079E240
01_existing_fuel_batch/raw_text/P15_Gillingham2021_Myopia.txt,111278,7EF977AD7A729DAB63CE728CBEEA08CE55A640B9631B8F1FB0CD206A05459FB2
01_existing_fuel_batch/raw_text/P16_w23340.txt,82450,FB4969A2BEAF57A6C9E5338658B47E070204CB99C0C951BF993513D848563A94
01_existing_fuel_batch/raw_text/P18_w27644.txt,153967,07313673FE28A157472D42FE7255C1E26088B6A230B21ED82AA15B7681066A8F
01_existing_fuel_batch/translations/P01_Barwick_Kwon_Li_Zahur_2025_把成本打下来_中译.md,60428,C18F4A4AE184B71D405DB0A858A3A3227399B1E08E8B2368960E22F3CFCE3E4A
01_existing_fuel_batch/translations/P02_Barwick_Kwon_Li_2024_属性型补贴与市场势力_中译.md,102660,61B65D170E340436C21C83079CF5DE7BFD9DD4F62EAADB25EDFC92895F9711FC
01_existing_fuel_batch/translations/P03_Xia_Zhang_2025_燃油经济性标准与产品结构技术变化_中译.md,58102,A78793BAEDC07D7DCFE946F147D9A58770BAA6BE82FA1F1593925C70FBD4BB6F
01_existing_fuel_batch/translations/P04_Leard_Linn_Springel_2023_车辆属性权衡与分配效应_中译.md,95784,D9F082B9F7524D8B9FDDA3C58CE2F3A4DEF047E3EF14F727F02BF57978092821
01_existing_fuel_batch/translations/P05_Barwick等_2025_产业政策与创新_讲义中译.md,10280,7C9BCA98ACAC0C28C14547B31CDD7D8C3BCA7079FB164ED669A345A191B7A257
01_existing_fuel_batch/translations/P06_Zhang_Popp_2026_驱动创新_中译.md,78941,3A507D6B0E1B795C044427B5AAF46EE600746F9CC1AF5076E2DF2D3920843F18
01_existing_fuel_batch/translations/P07_Schloter_2022_电动车与汽油车折旧实证_中译.md,44557,37214D3A2F90B2E91A55F1783F14A6C6DFB797F4F8A7BFC27D0975D3CD651CE9
01_existing_fuel_batch/translations/P08_Allcott_等_2026_购买美国货_中译.md,67416,0050DF327D49F5A1A990C20E846A2BF375EBDA03A7E50E548BCCA5215127D2FE
01_existing_fuel_batch/translations/P09_Gavazza_Lizzeri_Roketskiy_2014_二手车市场定量分析_中译.md,52213,2E843F7001ADD997EBE1CB5C7962DD7CAF30A350C1B3600F5252B05FAAA5AEA9
01_existing_fuel_batch/translations/P10_Kaneko_Toyama_2025_弹性收入效应需求估计_中译.md,79360,BFC37DCA5AF128A7DB74D354B7642BD12C47F528BEFF98BF30283D3CB8C780DE
01_existing_fuel_batch/translations/P11_Roberson_2024_电池动力的划算买卖_中译.md,32380,F603FA8840371143C9124F8D5AD890F56326986C01299DBDCE587BA51A15E8CF
01_existing_fuel_batch/translations/P12_Andreassen_Lind_2024_气候技术与价值_中译.md,66653,171FD6D484E1D4EB8BF66F2343951D697F13DA1866C39D81A90236FA92312B85
01_existing_fuel_batch/translations/P13_Zhang_Zhao_2021_残值担保与信息共享_中译.md,30841,24CE8950DCF3CEA1245BAF3E0B41CB6B23555C15573C17A05B0BC981A6316953
01_existing_fuel_batch/translations/P14_Yan_Lin_Chen_2026_V2G混合选择模型_中译.md,46137,8E5795FA5B1C92FB091A5555863BAA4DAA2EA5A423F9C89BB5CDCC6AE72CB43E
01_existing_fuel_batch/translations/P15_Gillingham_Houde_vanBenthem_2021_消费者短视_中译.md,91592,ECDF7B3F9D0DA0CA744735C5A03CD3F34BDDCD945146CC7C9368850781D5DC14
01_existing_fuel_batch/translations/P16_Bento_Gillingham_Roth_2017_燃油经济性标准与车重离散度_中译.md,43211,D10BD43780C793CC1585693F83F42AA888A3AD32339C2DA1A33B50CD7D3B5C61
01_existing_fuel_batch/translations/P18_Bai_Barwick_Cao_Li_2022_合资换技术与质量升级_中译.md,57975,861E0B6EFCE16ADA2880DBBBEDF176E8C737EDD5B761C277E5CB568C3D81CF0B
02_five_BLP_recommendations/R01_GRV2018/model_formula_checked.md,1374,F6E5AE6EEECEC7E012A103CDCB2FAC9695C74495E50408F8F42284CA11040B97
02_five_BLP_recommendations/R01_GRV2018/original.pdf,671749,5D729774CBE07F5281ED09097CAF3F224BE24A2260417E766D8D361B5E8670DF
02_five_BLP_recommendations/R01_GRV2018/page_fulltext.json,125760,C5A91D6AB758B7518B9856CCC99D49518A7B139736A10C70111CF38D6361BF82
02_five_BLP_recommendations/R01_GRV2018/page_fulltext.txt,123457,B42012C9AF1BE51196EBD3B8A929B7C3A36D93886F1B0C91693B19D3AB52704E
02_five_BLP_recommendations/R01_GRV2018/reading_memory.md,20801,829089B48A2188FABBE70624A3F41ECF8C02E9E582A29493638D1B7B11D1CE26
02_five_BLP_recommendations/R01_GRV2018/README.md,619,F8521BCEDEA2541D74C47351153D4F1619C9213562C178DF322F7A32E649619E
02_five_BLP_recommendations/R02_Reynaert_Sallee2021/model_formula_checked.md,1410,A0784F9573F07F6697ABD2644A7C649296ADDCA3E6D87289F59F9BB22690DE7E
02_five_BLP_recommendations/R02_Reynaert_Sallee2021/original.pdf,889304,F478A23B703D83345EB2A90C7DB10961BFF7499C8332584E559FAF08A7E72A68
02_five_BLP_recommendations/R02_Reynaert_Sallee2021/reading_memory.md,27490,40C85F83C008BD86EBEEEF6B8FA18DF2257B4397506D09F7DEC1931BCCDCB9F1
02_five_BLP_recommendations/R02_Reynaert_Sallee2021/README.md,622,F265C65622E717D75B9067858035E71ECFF2B90464D906DA0F4DA6A2A7F34529
02_five_BLP_recommendations/R03_Barwick_Kwon_Li2024/existing_full_translation.md,102660,61B65D170E340436C21C83079CF5DE7BFD9DD4F62EAADB25EDFC92895F9711FC
02_five_BLP_recommendations/R03_Barwick_Kwon_Li2024/model_formula_checked.md,893,DEA1B50E2540086D525BBB9FAD24B4CA03D3A7B5F0D2BE178A4516167A3756FB
02_five_BLP_recommendations/R03_Barwick_Kwon_Li2024/original.pdf,812709,C686CEF999C93DA89EE031F4F8AA2EA6D417AAAC05EA481EB29CDDB174D1C0AB
02_five_BLP_recommendations/R03_Barwick_Kwon_Li2024/page_fulltext.txt,143553,680DC6DC26226C277695A5BE5F2A0C54B50F734057C39A0616EE0ACCCAB8A122
02_five_BLP_recommendations/R03_Barwick_Kwon_Li2024/reading_memory.md,11433,8EB94D5F5E870CA6CDCE1D22E87D87A5371478F38B8121BD9A3F47E9101FD080
02_five_BLP_recommendations/R03_Barwick_Kwon_Li2024/README.md,627,AC58EB46092063BC7DA245A6464B701A43A92E556C9D1D92960A4F29A9165CC7
02_five_BLP_recommendations/R04_Xing_Leard_Li2021/model_formula_checked.md,1241,F4F90AF41D549C6743059FAAD3ABE913807971335F4B407F6DD81C7CFF78BC2F
02_five_BLP_recommendations/R04_Xing_Leard_Li2021/original.pdf,2435899,174D8650AF63A6ABC25F97195C7697D2B42793838FE84210220DD236AD06DCC7
02_five_BLP_recommendations/R04_Xing_Leard_Li2021/page_fulltext.json,148584,5B05C9896B91CD3ADFE109C4822C51D853A771809D8338DA604FCE997FAD7236
02_five_BLP_recommendations/R04_Xing_Leard_Li2021/page_fulltext.txt,146438,632E34052CACC47909C55640B022F8DA4C7FB1EB207ABD1991BAC6E265CE9836
02_five_BLP_recommendations/R04_Xing_Leard_Li2021/reading_memory.md,25258,3649735702BAA3A95C3DFC6D0C690D7D0DC01894B544ADCB45C273446BA59A99
02_five_BLP_recommendations/R04_Xing_Leard_Li2021/README.md,631,E39E8108CDFB5421C0764A1A4B0D4442780C2A8B88E1CA433CC102DA69CF5F74
02_five_BLP_recommendations/R05_Barwick_et_al2025/existing_full_translation.md,60428,C18F4A4AE184B71D405DB0A858A3A3227399B1E08E8B2368960E22F3CFCE3E4A
02_five_BLP_recommendations/R05_Barwick_et_al2025/model_formula_checked.md,865,73EB8AE7E9DE671DD4F319B00D77CB274D42EC540F0F09FFA006582EB874853A
02_five_BLP_recommendations/R05_Barwick_et_al2025/original.pdf,3116019,A96D97D3AF0C120087505B699B6C5CCDB11C8D5DBB924611A1DCA3EE174B9A3F
02_five_BLP_recommendations/R05_Barwick_et_al2025/page_fulltext.txt,192552,E962B391164A84D9717873E8FFBFB2FEC4162BC112413A4C1212A37C80362803
02_five_BLP_recommendations/R05_Barwick_et_al2025/reading_memory.md,14234,2CDD51B4BB046D81706ABE33506278F7148B6CB5B2587D92959622C8FCCA57D7
02_five_BLP_recommendations/R05_Barwick_et_al2025/README.md,604,6A023820277CA1092BCE57DB668B04862785389F429CED617FC40A81299AE1DF
03_BLP_foundation/BLP1995_original.pdf,993830,A7F6E505C4CF2B2CE72BFEA5D700454571400E99F7AB9501F7AE9302CBE06D75
03_BLP_foundation/existing_deep_reading_notes.md,31876,932082718CDBF7E342FD0EB4039A4137D1877091479D9D7E7BACD347210ED21A
03_BLP_foundation/formula_transaction/DIFF_FILE.patch,925,6C41CA85634D21215E5046F8F254A3B6CE9EAF7685DB6B0D7B91CADA0759B3F4
03_BLP_foundation/formula_transaction/MODIFIED_FILE.md,22771,107A16555552BEDF174FCFDE75ACD568C3AC31B2BCD48C0E8B9EC470CDE5CB77
03_BLP_foundation/formula_transaction/ORIGINAL_BASELINE.md,22195,FDDE3C6065A03F629928761E0EA71CD3F2B7F193656B8124758157EB6D207B18
03_BLP_foundation/formula_transaction/ROLLBACK.sh,249,A9ADF95787AEBBA8B2B744771A4183B40F4ACFED36EEA0A457CADDA57EA620F0
03_BLP_foundation/formula_transaction/rollback_test_copy.md,22195,FDDE3C6065A03F629928761E0EA71CD3F2B7F193656B8124758157EB6D207B18
03_BLP_foundation/formula_transaction/same_input.json,166,CC8528ED64FBFC0BDE192A930810B8FDB717D34BAE233677471A26F6AD56D15A
03_BLP_foundation/formula_transaction/VERIFICATION.txt,5853,A2E2EA1E066270311905A416A87BEBE29357F9DE64B8212AB3563D77285697BC
03_BLP_foundation/formula_transaction/verify_walkthrough_transaction.py,7959,81EB1A236DF27581BF9865A71CE2D57150F1C74EE50537C93AF1E9950A8D9C9A
03_BLP_foundation/source_page_images/BLP1995_pdf_09.png,312985,D5071049EF70E9C7D9CE99B241480156CEB270DDEC69FE068D5069F2B74AA15C
03_BLP_foundation/source_page_images/BLP1995_pdf_14.png,310268,E39E3620B0EC694C9D1ADB13FDF3F035212A6FAD05289A8B9FAEF1293E461ED9
03_BLP_foundation/source_page_images/BLP1995_pdf_15.png,323477,ABC796249BC8CEA0CC269701CF615C67E97223415F82E976DEB1C06CBC8AA741
03_BLP_foundation/source_page_images/BLP1995_pdf_25.png,276766,8F7181B9F74C9C14CF7184CB000CC25B869F8693C026247F39BE558CBB0F33A1
03_BLP_foundation/source_page_images/BLP1995_pdf_26.png,301603,B3FD84814809E7F944B555DCD1B171E6D1A55E7D461FE090B904A462E67FB173
03_BLP_foundation/source_page_images/BLP1995_pdf_27.png,325449,EEF9ADAC15588CD607776CD8F09E77FCAFCC58D5F3AAE8FB6B7680C7223B94CD
03_BLP_foundation/source_page_images/BLP1995_pdf_28.png,349142,3A7CE2E6197D18F7050E7CB9FC63066360E9B3E7587B727F3FB4B5660A558D5B
04_evidence_and_corrections/20260920_refresh/01_source_status_and_anchor_ledger.md,9388,72A1A1A7BF76205B97F467D789FC05B1F66BA20CE8A756141836497785C1DBA6
04_evidence_and_corrections/20260920_refresh/02_project_relevance_and_correction_ledger.md,8347,FDDE32391099EF6C5F9275780131A5EF339AD81421401C80932FC01554AB59E9
04_evidence_and_corrections/20260920_refresh/03_model_identification_update.md,12578,C43F5DF61C9944D333E8B104BDF0FBB30DC7514D9D9379DFA2727432D285566D
04_evidence_and_corrections/20260920_refresh/04_go_no_go_and_next_steps.md,5928,BD1D86A4D2F7C0FFC91BEC008D975259DB277DC695A7A9CEF2AE7219783012F4
04_evidence_and_corrections/20260920_refresh/MEMORY_MAP.md,5238,C4B0E20A99797B658D44B7AE88C50F65CF48A4D1260726770E7822A4916341E0
04_evidence_and_corrections/20260920_refresh/PACKAGE_MANIFEST.md,722,F6CCA0E30DA4CAFB03AD83384A45F4EDD01C12735AEC178B5A8441041F6CF3C6
04_evidence_and_corrections/audit_baseline_sources.md,10638,D78A7A66082B58050E97F8A70BD4440B4345D28EE8D394E0D9BC763F9EEEF49B
04_evidence_and_corrections/audit_belief_myopia.md,16672,C4AF717916C865C5B85B1B47929C6AB8D221A7984D7ED9E5194AEF91888ACBFE
04_evidence_and_corrections/audit_blp_five.md,10163,7BDC1656D05B77E7D65D347F16F054C461CB49C873F7391B4A33F33AF0414343
04_evidence_and_corrections/existing_formula_VERIFICATION_LEDGER.md,20442,DB86C8A19A3A4DDE410A88B2EAB48F29B8B9DF099EB8D57C5A3919574ACFC977
04_evidence_and_corrections/grv_completion_20261007.md,11847,6BA6E278F789999654A336F53BC855D54DEA8A993066AE80FF2D9BB8FC914D7B
04_evidence_and_corrections/old_corpus_coverage_audit.md,2187,5B2078FD6FCE30D458E906505AA14FF9F6537A613FA8E1FA227EAC18C7D35EE9
04_evidence_and_corrections/source_page_images/GRV2018_PDFp6.png,197620,DD9DCCEB4259F25584591B63A942D5DD36BF7F48437BE1D8FBF4080ED7607BFA
04_evidence_and_corrections/source_page_images/P01_PDFp13.png,211816,8EE92852163C37B5C31248CE44EC9826965D57CCE83D7909DD33DBF8003A0AC0
04_evidence_and_corrections/source_page_images/P02_PDFp20.png,205190,1AB117D7F5C2BB60F1B1CF6B800677AA97388F2F659EA2C6A514DC2FC5C2DC6A
04_evidence_and_corrections/source_page_images/XLL2021_PDFp15.png,187087,BE47ECFED8B0F76C09DFB07304FD5BADC2016E5F722CDB884F8CF853F8D69EE7
04_evidence_and_corrections/source_page_images/XLL2021_PDFp17.png,251643,E0FD25ACE29C43F507BA0443EE5DB2B3FFACD53194E2578A6EB9E1441BEC670B
04_evidence_and_corrections/source_page_images/XLL2021_PDFp24.png,143667,77D952FFEB185C1604BA60A9DC0D3BED7F9274AC75AB9D0DEF1F44D52548A566
04_evidence_and_corrections/source_page_images/XLL2021_PDFp25.png,104496,331B95B5BC4B60A17D55804E9D267E2E7234FC11BEC6AC0A806E482EAA55467F
04_evidence_and_corrections/source_page_images/XLL2021_PDFp31.png,129168,4026219236717473DECE0F25D69895F66856E280F23D4FE00D7379B462187D7D
04_evidence_and_corrections/source_page_images/XLL2021_PDFp32.png,141140,516459248A7242BF183FBE66319EAF1F4957D338B823AA133DFEB2F6EAA80993
04_evidence_and_corrections/source_page_images/XLL2021_PDFp6.png,170541,C9D7576CA78C287A5E08C6F5A30C3E4F435B0EBF3D1589DC5D447D60E9A3186D
04_evidence_and_corrections/source_page_images/XLL2021_PDFp8.png,212348,7D14CD6D5120654EB09B76A0D0DB1D58098382958E0AC28DD1C14E4DB3CBC02C
04_evidence_and_corrections/source_page_images/XLL2021_PDFp9.png,222914,53005028541D5DA97453CA3297EFE1E4B394B52D21B307255F47E5E5E44FAEDA
04_evidence_and_corrections/xing_completion_20261007.md,14384,B1644BC3260B6B45831F859ABE82031D3F321B33741F59A41C1379160C469C26
05_previous_20261002_recommendations_not_all_fully_read/BLP经典改造与近期改造文献推荐_20261002.md,20103,93D1FBD09F9E1EA151EBD43A71AD949ED2A334377F1723F0816010A0503B273F
05_previous_20261002_recommendations_not_all_fully_read/CHECKPOINT.md,7705,BD5C488154CF93B5C514B2971419CCE876F689924E0BBAB3B935CA836DA190AA
05_previous_20261002_recommendations_not_all_fully_read/crossref_results.json,6932,0D803EB97AC0ED751FD687CCB5E7ADB2C3CD21CAB8CB4D7AC16982B88C8D205F
05_previous_20261002_recommendations_not_all_fully_read/existing_Grieco_English_extraction.md,139535,12237529D76AD5E0B1B40A4630D208F8272CAC16C7733395E5651827DEFE3FDF
05_previous_20261002_recommendations_not_all_fully_read/existing_Petrin_reading_note.md,6341,A627BEF5C2AB6C20E2A6B81B0DA5F47B6218DAC0750244281D25C1ED27EE5D00
05_previous_20261002_recommendations_not_all_fully_read/J10_original_text.txt,132988,19D95019E811810573F46D16A4330F759669BD99E9190494DEF3BD04C88481E9
05_previous_20261002_recommendations_not_all_fully_read/J10_reading_card.json,2131,C99F9693CCF6B90472A7DEC89948D17D27397E474C98755DB101F8D29DBE0EF1
05_previous_20261002_recommendations_not_all_fully_read/marker_check.csv,2192,7C4F6DDFA0F378A85A92CEC76E11883C18BC4E3E5D35D6B419AF59352DEE2FE4
05_previous_20261002_recommendations_not_all_fully_read/marker_snippets.md,22781,981A743702D5AE092A175624F419148387684D0959CAC1744BFB50C746DCCB9A
05_previous_20261002_recommendations_not_all_fully_read/original_pdfs/AleChilet_2026_REStud.pdf,882609,5550F66623312152E19B55B224FE2E504AA106390CE246CD87261A011ABF51D0
05_previous_20261002_recommendations_not_all_fully_read/original_pdfs/Grieco_2023_author_version.pdf,518589,D34B2ACB0047FF3C87CB809782FA5D39BC5B47F04AA8F9B313EF3E9DCC7EC60E
05_previous_20261002_recommendations_not_all_fully_read/original_pdfs/Hong_September2026_WP.pdf,10487525,754DA49AF92ED60C2D75887F217BA3BBA02391054C14CA54E87C8947A18486C9
05_previous_20261002_recommendations_not_all_fully_read/original_pdfs/Petrin_working_paper.pdf,727937,711A535E98487F90C2301BADB2A24B03152BD6F07729D2E0DD0A71D92CCF9F88
05_previous_20261002_recommendations_not_all_fully_read/README.md,675,83D7CB3EE09CBEE77407AB6313B1991DA08A4F3F30080B67FB9824CA3126B705
05_previous_20261002_recommendations_not_all_fully_read/W07_original_text.txt,160635,CA30B37D3D70792F59715DD5F0BCF80AA38721B5677CF56A7D7A2635908F0883
05_previous_20261002_recommendations_not_all_fully_read/W07_reading_card.json,2203,C16D917B614EFEB1A48666661D7E5F44388441FD4B34C567369E193E974478BB
MARKDOWN_BUILD_VERIFICATION.json,939,2ED11DBDC325D7E5A7334FF7108A190147007414208016273A5E2F1D3A54E7E9
SOURCE_COPY_LEDGER.json,41864,50A0ED3D1C7C9A01C654401FF9BC687C625173A307B6378E63B682980295D57A
