"batch","number","stage_id","year","journal","title","tags","status","pdf_exists","memory_exists","source_pack_exists","source_pdf","memory","source_pack","story_ladder"
"A","1","p0001","2025","AER","Incentive Complexity, Bounded Rationality, and Effort Provision","experiment|spillover|distribution|theory","done","True","True","True","D:\codex\aer\abeler-et-al-2025-incentive-complexity-bounded-rationality-and-effort-provision.pdf","D:\codex\research-memory\deep-reading\aer_full_ocr_20260407\third_pass_agent_memory_20260608\paper_memories\p0001_incentive-complexity-bounded-rationality-and-effort-provision.md","D:\codex\research-memory\deep-reading\aer_full_ocr_20260407\third_pass_agent_memory_20260608\source_packs\p0001_incentive-complexity-bounded-rationality-and-effort-provision.source_pack.md","standard contract theory assumes workers see all incentives clearly -> real incentive systems are complex -> complexity creates opacity -> opacity changes effort, efficiency, and welfare"
"A","5","p0005","2025","AER","Just a Few Seeds More: The Value of Network Data for Diffusion","theory","done","True","True","True","D:\codex\aer\akbarpour-et-al-2025-just-a-few-seeds-more-the-value-of-network-data-for-diffusion.pdf","D:\codex\research-memory\deep-reading\aer_full_ocr_20260407\third_pass_agent_memory_20260608\paper_memories\p0005_just-a-few-seeds-more-the-value-of-network-data-for-diffusion.md","D:\codex\research-memory\deep-reading\aer_full_ocr_20260407\third_pass_agent_memory_20260608\source_packs\p0005_just-a-few-seeds-more-the-value-of-network-data-for-diffusion.source_pack.md","network science says better targeting should matter -> benchmark that value against a simpler policy margin -> find that more data often buys surprisingly little"
"B","9","p0009","2025","AER","Labor Market Power, Self-Employment, and Development","experiment|diff-in-diff|implementation|spillover|theory","done","True","True","True","D:\codex\aer\amodio-et-al-2025-labor-market-power-self-employment-and-development.pdf","D:\codex\research-memory\deep-reading\aer_full_ocr_20260407\third_pass_agent_memory_20260608\paper_memories\p0009_labor-market-power-self-employment-and-development.md","D:\codex\research-memory\deep-reading\aer_full_ocr_20260407\third_pass_agent_memory_20260608\source_packs\p0009_labor-market-power-self-employment-and-development.source_pack.md","self-employment is often treated as a symptom of underdevelopment -> reframe it as both symptom and countervailing force -> policy that reduces it may have ambiguous welfare consequences"
"A","12","p0012","2026","AER","Robust Misspecified Models","threshold|spillover|theory","done","True","True","True","D:\codex\aer\ba-2026-robust-misspecified-models.pdf","D:\codex\research-memory\deep-reading\aer_full_ocr_20260407\third_pass_agent_memory_20260608\paper_memories\p0012_robust-misspecified-models.md","D:\codex\research-memory\deep-reading\aer_full_ocr_20260407\third_pass_agent_memory_20260608\source_packs\p0012_robust-misspecified-models.source_pack.md","economists often assume false models lose out with enough data -> show that model competition with sticky switching allows false models to survive indefinitely -> clarify why entrenched simple models persist"
"B","13","p0013","2025","AER","Quid Pro Quo, Knowledge Spillovers, and Industrial Quality Upgrading: Evidence from the Chinese Auto Industry","experiment|implementation|spillover|theory","done","True","True","True","D:\codex\aer\bai-et-al-2025-quid-pro-quo-knowledge-spillovers-and-industrial-quality-upgrading-evidence-from-the-chinese-auto.pdf","D:\codex\research-memory\deep-reading\aer_full_ocr_20260407\third_pass_agent_memory_20260608\paper_memories\p0013_quid-pro-quo-knowledge-spillovers-and-industrial-quality-upgrading-evidence-from-the-chine.md","D:\codex\research-memory\deep-reading\aer_full_ocr_20260407\third_pass_agent_memory_20260608\source_packs\p0013_quid-pro-quo-knowledge-spillovers-and-industrial-quality-upgrading-evidence-from-the-chine.source_pack.md","policy debate asks whether forced technology transfer ever works -> move from output quantity to multidimensional quality -> show affiliated domestic firms upgrade in the specific dimensions where partners excel"
"A","15","p0015","2026","AER","Similarity of Information and Collective Action","theory","done","True","True","True","D:\codex\aer\basak-et-al-2026-similarity-of-information-and-collective-action.pdf","D:\codex\research-memory\deep-reading\aer_full_ocr_20260407\third_pass_agent_memory_20260608\paper_memories\p0015_similarity-of-information-and-collective-action.md","D:\codex\research-memory\deep-reading\aer_full_ocr_20260407\third_pass_agent_memory_20260608\source_packs\p0015_similarity-of-information-and-collective-action.source_pack.md","common intuition says shared information should aid coordination -> collective action also has free-riding -> theory shows the sign is state dependent -> explains mixed evidence in protests and group decision-making"
"A","17","p0017","2026","AER","“Potential” and the Gender Promotion Gap","implementation|distribution|theory","done","True","True","True","D:\codex\aer\benson-et-al-2026-potential-and-the-gender-promotion-gap.pdf","D:\codex\research-memory\deep-reading\aer_full_ocr_20260407\third_pass_agent_memory_20260608\paper_memories\p0017_potential-and-the-gender-promotion-gap.md","D:\codex\research-memory\deep-reading\aer_full_ocr_20260407\third_pass_agent_memory_20260608\source_packs\p0017_potential-and-the-gender-promotion-gap.source_pack.md","promotion gaps are often examined through observed performance -> firms say they promote on future potential -> data show potential ratings are biased and consequential -> subjective forecasting category becomes the wedge"
"C","18","p0018","2026","AER","Real Credit Cycles","theory","done","True","True","True","D:\codex\aer\bordalo-et-al-2026-real-credit-cycles.pdf","D:\codex\research-memory\deep-reading\aer_full_ocr_20260407\third_pass_agent_memory_20260608\paper_memories\p0018_real-credit-cycles.md","D:\codex\research-memory\deep-reading\aer_full_ocr_20260407\third_pass_agent_memory_20260608\source_packs\p0018_real-credit-cycles.source_pack.md","financial instability is often attributed to large exogenous financial shocks -> build a model where beliefs create endogenous fragility -> match credit-cycle facts with smaller shocks"
"B","19","p0019","2025","AER","Nonlinear Pricing and Misallocation","experiment|spillover|distribution|theory","done","True","True","True","D:\codex\aer\bornstein-peter-2025-nonlinear-pricing-and-misallocation.pdf","D:\codex\research-memory\deep-reading\aer_full_ocr_20260407\third_pass_agent_memory_20260608\paper_memories\p0019_nonlinear-pricing-and-misallocation.md","D:\codex\research-memory\deep-reading\aer_full_ocr_20260407\third_pass_agent_memory_20260608\source_packs\p0019_nonlinear-pricing-and-misallocation.source_pack.md","standard misallocation logic treats markup dispersion as the key signal -> introduce realistic nonlinear pricing -> the interpretation of observed markups flips -> new misallocation margin emerges"
"B","21","p0021","2026","AER","Take the Goods and Run: Contracting Frictions and Market Power in Supply Chains","implementation|spillover|theory","done","True","True","True","D:\codex\aer\brugués-2026-take-the-goods-and-run-contracting-frictions-and-market-power-in-supply-chains.pdf","D:\codex\research-memory\deep-reading\aer_full_ocr_20260407\third_pass_agent_memory_20260608\paper_memories\p0021_take-the-goods-and-run-contracting-frictions-and-market-power-in-supply-chains.md","D:\codex\research-memory\deep-reading\aer_full_ocr_20260407\third_pass_agent_memory_20260608\source_packs\p0021_take-the-goods-and-run-contracting-frictions-and-market-power-in-supply-chains.source_pack.md","weak enforcement is usually treated as purely harmful -> market power is also present in these environments -> the two distortions interact in a second-best way -> fixing only one friction can backfire"
"A","23","p0023","2025","AER","Gender Differences in Financial Advice","implementation|distribution|theory","done","True","True","True","D:\codex\aer\bucher-koenen-et-al-2025-gender-differences-in-financial-advice.pdf","D:\codex\research-memory\deep-reading\aer_full_ocr_20260407\third_pass_agent_memory_20260608\paper_memories\p0023_gender-differences-in-financial-advice.md","D:\codex\research-memory\deep-reading\aer_full_ocr_20260407\third_pass_agent_memory_20260608\source_packs\p0023_gender-differences-in-financial-advice.source_pack.md","advice should help less sophisticated investors the most -> advisor incentives are not aligned with client welfare -> the vulnerable group becomes the more exploitable group -> advice can widen, not close, financial inequality"
"A","25","p0025","2025","AER","When Product Markets Become Collective Traps: The Case of Social Media","policy-interaction|theory","done","True","True","True","D:\codex\aer\bursztyn-et-al-2025-when-product-markets-become-collective-traps-the-case-of-social-media.pdf","D:\codex\research-memory\deep-reading\aer_full_ocr_20260407\third_pass_agent_memory_20260608\paper_memories\p0025_when-product-markets-become-collective-traps-the-case-of-social-media.md","D:\codex\research-memory\deep-reading\aer_full_ocr_20260407\third_pass_agent_memory_20260608\source_packs\p0025_when-product-markets-become-collective-traps-the-case-of-social-media.source_pack.md","market demand and surplus are usually evaluated holding aggregate use fixed -> network goods change the value of opting out -> a popular product can become a collective trap -> standard welfare accounting breaks"
"B","28","p0028","2026","AER","Competition under Incomplete Contracts and the Design of Procurement Policies","threshold|implementation|spillover|distribution|theory","done","True","True","True","D:\codex\aer\carril-et-al-2026-competition-under-incomplete-contracts-and-the-design-of-procurement-policies.pdf","D:\codex\research-memory\deep-reading\aer_full_ocr_20260407\third_pass_agent_memory_20260608\paper_memories\p0028_competition-under-incomplete-contracts-and-the-design-of-procurement-policies.md","D:\codex\research-memory\deep-reading\aer_full_ocr_20260407\third_pass_agent_memory_20260608\source_packs\p0028_competition-under-incomplete-contracts-and-the-design-of-procurement-policies.source_pack.md","procurement reform often treats more competition as unambiguously good -> incomplete contracts mean award price is not the whole object -> cheaper winners can perform worse -> optimal procurement policy must internalize post-award execution"
"A","30","p0030","2026","AER","Sequential Learning under Informational Ambiguity","spillover|theory","done","True","True","True","D:\codex\aer\chen-2026-sequential-learning-under-informational-ambiguity.pdf","D:\codex\research-memory\deep-reading\aer_full_ocr_20260407\third_pass_agent_memory_20260608\paper_memories\p0030_sequential-learning-under-informational-ambiguity.md","D:\codex\research-memory\deep-reading\aer_full_ocr_20260407\third_pass_agent_memory_20260608\source_packs\p0030_sequential-learning-under-informational-ambiguity.source_pack.md","Bayesian social learning gives fragile cascade predictions -> real agents are also unsure how informative others are -> ambiguity is introduced -> cascades become the robust outcome rather than the exception"
"B","33","p0033","2026","AER","Tying with Network Effects","spillover|theory","done","True","True","True","D:\codex\aer\choi-et-al-2026-tying-with-network-effects.pdf","D:\codex\research-memory\deep-reading\aer_full_ocr_20260407\third_pass_agent_memory_20260608\paper_memories\p0033_tying-with-network-effects.md","D:\codex\research-memory\deep-reading\aer_full_ocr_20260407\third_pass_agent_memory_20260608\source_packs\p0033_tying-with-network-effects.source_pack.md","standard leverage theories of tying are contested -> network effects create a new strategic force -> tying becomes a best response without special commitment assumptions -> antitrust concerns survive in a different form"
"C","35","p0035","2025","AER","An Equilibrium Analysis of the Effects of Neighborhood-Based Interventions on Children","implementation|spillover|distribution|theory","done","True","True","True","D:\codex\aer\chyn-daruich-2025-an-equilibrium-analysis-of-the-effects-of-neighborhood-based-interventions-on-children.pdf","D:\codex\research-memory\deep-reading\aer_full_ocr_20260407\third_pass_agent_memory_20260608\paper_memories\p0035_an-equilibrium-analysis-of-the-effects-of-neighborhood-based-interventions-on-children.md","D:\codex\research-memory\deep-reading\aer_full_ocr_20260407\third_pass_agent_memory_20260608\source_packs\p0035_an-equilibrium-analysis-of-the-effects-of-neighborhood-based-interventions-on-children.source_pack.md","reduced-form place studies identify local effects -> policy at scale changes equilibrium -> build a model where children, neighborhoods, and housing markets coevolve -> compare people-based and place-based interventions under general equilibrium"
"A","37","p0037","2026","AER","Sequential Cursed Equilibrium","spillover|theory","done","True","True","True","D:\codex\aer\cohen-li-2026-sequential-cursed-equilibrium.pdf","D:\codex\research-memory\deep-reading\aer_full_ocr_20260407\third_pass_agent_memory_20260608\paper_memories\p0037_sequential-cursed-equilibrium.md","D:\codex\research-memory\deep-reading\aer_full_ocr_20260407\third_pass_agent_memory_20260608\source_packs\p0037_sequential-cursed-equilibrium.source_pack.md","cursed equilibrium works in simultaneous settings but misfires in extensive games -> identify the psychological asymmetry between hypothetical and observed information -> build a new solution concept around that asymmetry -> recover more plausible dynamic predictions"
"A","43","p0043","2025","AER","Test-Optional Admissions","implementation|distribution|theory","done","True","True","True","D:\codex\aer\dessein-et-al-2025-test-optional-admissions.pdf","D:\codex\research-memory\deep-reading\aer_full_ocr_20260407\third_pass_agent_memory_20260608\paper_memories\p0043_test-optional-admissions.md","D:\codex\research-memory\deep-reading\aer_full_ocr_20260407\third_pass_agent_memory_20260608\source_packs\p0043_test-optional-admissions.source_pack.md","more information should improve selection -> colleges increasingly go test optional anyway -> social pressure makes information itself costly -> withholding scores becomes an institutional response rather than an information failure"
"B","44","p0044","2025","AER","Firm Responses and Wage Effects of Foreign Demand Shocks with Fixed Labor Costs and Monopsony","implementation|spillover|theory","done","True","True","True","D:\codex\aer\dhyne-et-al-2025-firm-responses-and-wage-effects-of-foreign-demand-shocks-with-fixed-labor-costs-and-monopsony.pdf","D:\codex\research-memory\deep-reading\aer_full_ocr_20260407\third_pass_agent_memory_20260608\paper_memories\p0044_firm-responses-and-wage-effects-of-foreign-demand-shocks-with-fixed-labor-costs-and-monops.md","D:\codex\research-memory\deep-reading\aer_full_ocr_20260407\third_pass_agent_memory_20260608\source_packs\p0044_firm-responses-and-wage-effects-of-foreign-demand-shocks-with-fixed-labor-costs-and-monops.source_pack.md","trade shocks affect firms directly and through networks -> firm responses reveal cost structure -> fixed labor costs and some monopsony matter -> aggregate wage incidence of tariffs is larger than benchmark models suggest"
"A","46","p0046","2025","AER","Allocation Mechanisms with Mixture-Averse Preferences","experiment|theory","done","True","True","True","D:\codex\aer\dillenberger-segal-2025-allocation-mechanisms-with-mixture-averse-preferences.pdf","D:\codex\research-memory\deep-reading\aer_full_ocr_20260407\third_pass_agent_memory_20260608\paper_memories\p0046_allocation-mechanisms-with-mixture-averse-preferences.md","D:\codex\research-memory\deep-reading\aer_full_ocr_20260407\third_pass_agent_memory_20260608\source_packs\p0046_allocation-mechanisms-with-mixture-averse-preferences.source_pack.md","many allocation mechanisms rely heavily on randomization -> that logic changes when people dislike mixtures -> efficiency sharply restricts lottery complexity -> standard mechanisms fail more often than expected"
"B","47","p0047","2025","AER","Monopsony and Employer Misoptimization Explain Why Wages Bunch at Round Numbers","experiment|threshold|implementation|spillover|theory","done","True","True","True","D:\codex\aer\dube-et-al-2025-monopsony-and-employer-misoptimization-explain-why-wages-bunch-at-round-numbers.pdf","D:\codex\research-memory\deep-reading\aer_full_ocr_20260407\third_pass_agent_memory_20260608\paper_memories\p0047_monopsony-and-employer-misoptimization-explain-why-wages-bunch-at-round-numbers.md","D:\codex\research-memory\deep-reading\aer_full_ocr_20260407\third_pass_agent_memory_20260608\source_packs\p0047_monopsony-and-employer-misoptimization-explain-why-wages-bunch-at-round-numbers.source_pack.md","round-number bunching resembles familiar product-market pricing patterns -> test whether workers exhibit similar left-digit bias -> null evidence rejects the standard explanation -> the distortion lies on the employer side"
"B","50","p0050","2026","AER","Optimal Taxation and Market Power","spillover|distribution|theory","done","True","True","True","D:\codex\aer\eeckhout-et-al-2026-optimal-taxation-and-market-power.pdf","D:\codex\research-memory\deep-reading\aer_full_ocr_20260407\third_pass_agent_memory_20260608\paper_memories\p0050_optimal-taxation-and-market-power.md","D:\codex\research-memory\deep-reading\aer_full_ocr_20260407\third_pass_agent_memory_20260608\source_packs\p0050_optimal-taxation-and-market-power.source_pack.md","competition policy is the first-best response to market power -> taxation still matters when first-best tools are incomplete -> integrating oligopoly into optimal tax theory changes both qualitative and quantitative prescriptions"
"C","53","p0053","2026","AER","A Theory of Supply Function Choice and Aggregate Supply","spillover|theory","done","True","True","True","D:\codex\aer\flynn-et-al-2026-a-theory-of-supply-function-choice-and-aggregate-supply.pdf","D:\codex\research-memory\deep-reading\aer_full_ocr_20260407\third_pass_agent_memory_20260608\paper_memories\p0053_a-theory-of-supply-function-choice-and-aggregate-supply.md","D:\codex\research-memory\deep-reading\aer_full_ocr_20260407\third_pass_agent_memory_20260608\source_packs\p0053_a-theory-of-supply-function-choice-and-aggregate-supply.source_pack.md","modern aggregate-supply theory implicitly assumes a restrictive firm strategy set -> allow richer supply choices -> the slope of aggregate supply becomes endogenous to the uncertainty environment -> long-run macro episodes look more interpretable"
"C","55","p0055","2026","AER","Monetary Cooperation during Global Inflation Surges","spillover|theory","done","True","True","True","D:\codex\aer\fornaro-romei-2026-monetary-cooperation-during-global-inflation-surges.pdf","D:\codex\research-memory\deep-reading\aer_full_ocr_20260407\third_pass_agent_memory_20260608\paper_memories\p0055_monetary-cooperation-during-global-inflation-surges.md","D:\codex\research-memory\deep-reading\aer_full_ocr_20260407\third_pass_agent_memory_20260608\source_packs\p0055_monetary-cooperation-during-global-inflation-surges.source_pack.md","inflation is usually treated as something each central bank fights alone -> under global tradable scarcity some inflation helps reallocate supply -> spillovers mean each country underprovides that adjustment -> cooperation can reduce global contraction"
"B","57","p0057","2025","AER","Place-Based Redistribution","spillover|distribution|theory","done","True","True","True","D:\codex\aer\gaubert-et-al-2025-place-based-redistribution.pdf","D:\codex\research-memory\deep-reading\aer_full_ocr_20260407\third_pass_agent_memory_20260608\paper_memories\p0057_place-based-redistribution.md","D:\codex\research-memory\deep-reading\aer_full_ocr_20260407\third_pass_agent_memory_20260608\source_packs\p0057_place-based-redistribution.source_pack.md","redistribution is usually discussed as place-blind -> migration and local markets mean taxation changes community composition -> optimal policy depends on why people sort where they do -> spatial redistribution has a rigorous tax basis"
"B","58","p0058","2026","AER","Equal Pay for Similar Work","implementation|spillover|distribution|theory","done","True","True","True","D:\codex\aer\gentile-passaro-et-al-2026-equal-pay-for-similar-work.pdf","D:\codex\research-memory\deep-reading\aer_full_ocr_20260407\third_pass_agent_memory_20260608\paper_memories\p0058_equal-pay-for-similar-work.md","D:\codex\research-memory\deep-reading\aer_full_ocr_20260407\third_pass_agent_memory_20260608\source_packs\p0058_equal-pay-for-similar-work.source_pack.md","equal-pay rules seem straightforwardly fairness-improving -> firms can change job composition and assignment -> segregation becomes the adjustment margin -> intended equity policy can worsen group gaps"
"C","61","p0061","2025","AER","A Preferred-Habitat Model of Term Premia, Exchange Rates, and Monetary Policy Spillovers","spillover|theory","done","True","True","True","D:\codex\aer\gourinchas-et-al-2025-a-preferred-habitat-model-of-term-premia-exchange-rates-and-monetary-policy-spillovers.pdf","D:\codex\research-memory\deep-reading\aer_full_ocr_20260407\third_pass_agent_memory_20260608\paper_memories\p0061_a-preferred-habitat-model-of-term-premia-exchange-rates-and-monetary-policy-spillovers.md","D:\codex\research-memory\deep-reading\aer_full_ocr_20260407\third_pass_agent_memory_20260608\source_packs\p0061_a-preferred-habitat-model-of-term-premia-exchange-rates-and-monetary-policy-spillovers.source_pack.md","standard open-economy models imply strong insulation under floating rates -> empirical bond, FX, and QE evidence contradicts that -> segmented clienteles and limited arbitrage restore the missing spillovers"
"C","64","p0064","2026","AER","A Long and a Short Leg Make for a Wobbly Equilibrium","spillover|distribution|theory","done","True","True","True","D:\codex\aer\gârleanu-et-al-2026-a-long-and-a-short-leg-make-for-a-wobbly-equilibrium.pdf","D:\codex\research-memory\deep-reading\aer_full_ocr_20260407\third_pass_agent_memory_20260608\paper_memories\p0064_a-long-and-a-short-leg-make-for-a-wobbly-equilibrium.md","D:\codex\research-memory\deep-reading\aer_full_ocr_20260407\third_pass_agent_memory_20260608\source_packs\p0064_a-long-and-a-short-leg-make-for-a-wobbly-equilibrium.source_pack.md","short sellers should attack larger mispricing -> in practice activity can collapse abruptly -> the missing piece is the lending market and equilibrium feedback in borrow fees"
"B","66","p0066","2025","AER","Supply, Demand, Institutions, and Firms: A Theory of Labor Market Sorting and the Wage Distribution","implementation|spillover|policy-interaction|distribution|theory","done","True","True","True","D:\codex\aer\haanwinckel-2025-supply-demand-institutions-and-firms-a-theory-of-labor-market-sorting-and-the-wage-distribution.pdf","D:\codex\research-memory\deep-reading\aer_full_ocr_20260407\third_pass_agent_memory_20260608\paper_memories\p0066_supply-demand-institutions-and-firms-a-theory-of-labor-market-sorting-and-the-wage-distrib.md","D:\codex\research-memory\deep-reading\aer_full_ocr_20260407\third_pass_agent_memory_20260608\source_packs\p0066_supply-demand-institutions-and-firms-a-theory-of-labor-market-sorting-and-the-wage-distrib.source_pack.md","labor economics often treats supply-demand and firm heterogeneity as separate traditions -> wage inequality reflects both simultaneously -> a unified model changes which shocks look important"
"C","67","p0067","2026","AER","Consumer Credit and the Incidence of Tariffs: Evidence from the Auto Industry","distribution|theory","done","True","True","True","D:\codex\aer\hankins-et-al-2026-consumer-credit-and-the-incidence-of-tariffs-evidence-from-the-auto-industry.pdf","D:\codex\research-memory\deep-reading\aer_full_ocr_20260407\third_pass_agent_memory_20260608\paper_memories\p0067_consumer-credit-and-the-incidence-of-tariffs-evidence-from-the-auto-industry.md","D:\codex\research-memory\deep-reading\aer_full_ocr_20260407\third_pass_agent_memory_20260608\source_packs\p0067_consumer-credit-and-the-incidence-of-tariffs-evidence-from-the-auto-industry.source_pack.md","tariff incidence is usually measured in product prices -> many purchases are financed -> vertically linked lenders create another pass-through channel -> total consumer burden is larger and more unequal"
"C","69","p0069","2025","AER","Power Flows: Transmission Lines, Allocative Efficiency, and Corporate Profits","spillover|theory","done","True","True","True","D:\codex\aer\hausman-2025-power-flows-transmission-lines-allocative-efficiency-and-corporate-profits.pdf","D:\codex\research-memory\deep-reading\aer_full_ocr_20260407\third_pass_agent_memory_20260608\paper_memories\p0069_power-flows-transmission-lines-allocative-efficiency-and-corporate-profits.md","D:\codex\research-memory\deep-reading\aer_full_ocr_20260407\third_pass_agent_memory_20260608\source_packs\p0069_power-flows-transmission-lines-allocative-efficiency-and-corporate-profits.source_pack.md","transmission is usually discussed as an efficiency and decarbonization issue -> incomplete integration also creates concentrated corporate winners from the status quo -> political economy becomes central to why reform is slow"
"A","74","p0074","2026","AER","What You Don’t Know May Be Good for You","spillover|theory","done","True","True","True","D:\codex\aer\hörner-samuelson-2026-what-you-don-t-know-may-be-good-for-you.pdf","D:\codex\research-memory\deep-reading\aer_full_ocr_20260407\third_pass_agent_memory_20260608\paper_memories\p0074_what-you-don-t-know-may-be-good-for-you.md","D:\codex\research-memory\deep-reading\aer_full_ocr_20260407\third_pass_agent_memory_20260608\source_packs\p0074_what-you-don-t-know-may-be-good-for-you.source_pack.md","transparency is usually treated as beneficial -> experts respond strategically to public performance data -> risky clients get avoided -> information can worsen matching even while helping clients screen"
"C","75","p0075","2025","AER","Robustness Measures for Welfare Analysis","theory","done","True","True","True","D:\codex\aer\kang-vasserman-2025-robustness-measures-for-welfare-analysis.pdf","D:\codex\research-memory\deep-reading\aer_full_ocr_20260407\third_pass_agent_memory_20260608\paper_memories\p0075_robustness-measures-for-welfare-analysis.md","D:\codex\research-memory\deep-reading\aer_full_ocr_20260407\third_pass_agent_memory_20260608\source_packs\p0075_robustness-measures-for-welfare-analysis.source_pack.md","welfare analysis routinely leans on demand assumptions -> debates about realism are often qualitative -> robustness measures convert that debate into a quantitative margin"
"B","82","p0082","2025","AER","Imperfect Competition and Rents in Labor and Product Markets: The Case of the Construction Industry","implementation|spillover|policy-interaction|distribution|theory","done","True","True","True","D:\codex\aer\kroft-et-al-2025-imperfect-competition-and-rents-in-labor-and-product-markets-the-case-of-the-construction-industry.pdf","D:\codex\research-memory\deep-reading\aer_full_ocr_20260407\third_pass_agent_memory_20260608\paper_memories\p0082_imperfect-competition-and-rents-in-labor-and-product-markets-the-case-of-the-construction-.md","D:\codex\research-memory\deep-reading\aer_full_ocr_20260407\third_pass_agent_memory_20260608\source_packs\p0082_imperfect-competition-and-rents-in-labor-and-product-markets-the-case-of-the-construction-.source_pack.md","existing work measures labor or product power separately -> firms often exercise both at once -> procurement data reveal both margins -> the interaction changes welfare and incidence"
"C","86","p0086","2025","AER","A Goldilocks Theory of Fiscal Deficits","spillover|distribution|theory","done","True","True","True","D:\codex\aer\mian-et-al-2025-a-goldilocks-theory-of-fiscal-deficits.pdf","D:\codex\research-memory\deep-reading\aer_full_ocr_20260407\third_pass_agent_memory_20260608\paper_memories\p0086_a-goldilocks-theory-of-fiscal-deficits.md","D:\codex\research-memory\deep-reading\aer_full_ocr_20260407\third_pass_agent_memory_20260608\source_packs\p0086_a-goldilocks-theory-of-fiscal-deficits.source_pack.md","the textbook view says larger deficits eventually explode debt -> low rates and the ZLB complicate that simple monotonic story -> fiscal space is state dependent and nonmonotone"
"B","87","p0087","2026","AER","Raising the Stakes: Physician Facility Investments and Provider Agency","diff-in-diff|implementation|spillover|theory","done","True","True","True","D:\codex\aer\munnich-et-al-2026-raising-the-stakes-physician-facility-investments-and-provider-agency.pdf","D:\codex\research-memory\deep-reading\aer_full_ocr_20260407\third_pass_agent_memory_20260608\paper_memories\p0087_raising-the-stakes-physician-facility-investments-and-provider-agency.md","D:\codex\research-memory\deep-reading\aer_full_ocr_20260407\third_pass_agent_memory_20260608\source_packs\p0087_raising-the-stakes-physician-facility-investments-and-provider-agency.source_pack.md","principal-agent problems in medicine are usually framed as overprovision of procedures -> the location of treatment is another important margin -> ownership creates a sharp incentive change that reveals the preexisting distortion"
"C","88","p0088","2025","AER","Treatment Effects in Market Equilibrium","experiment|spillover|distribution|theory","done","True","True","True","D:\codex\aer\munro-et-al-2025-treatment-effects-in-market-equilibrium.pdf","D:\codex\research-memory\deep-reading\aer_full_ocr_20260407\third_pass_agent_memory_20260608\paper_memories\p0088_treatment-effects-in-market-equilibrium.md","D:\codex\research-memory\deep-reading\aer_full_ocr_20260407\third_pass_agent_memory_20260608\source_packs\p0088_treatment-effects-in-market-equilibrium.source_pack.md","standard experiments assume limited interference -> many policy settings are markets where interference is the point -> market equilibrium must enter the treatment-effect object itself"
"A","92","p0092","2026","AER","Risk Preferences and Field Behavior: The Relevance of Higher-Order Risk Preferences","implementation|distribution|theory","done","True","True","True","D:\codex\aer\schneider-sutter-2026-risk-preferences-and-field-behavior-the-relevance-of-higher-order-risk-preferences.pdf","D:\codex\research-memory\deep-reading\aer_full_ocr_20260407\third_pass_agent_memory_20260608\paper_memories\p0092_risk-preferences-and-field-behavior-the-relevance-of-higher-order-risk-preferences.md","D:\codex\research-memory\deep-reading\aer_full_ocr_20260407\third_pass_agent_memory_20260608\source_packs\p0092_risk-preferences-and-field-behavior-the-relevance-of-higher-order-risk-preferences.source_pack.md","the literature often fails to link laboratory risk aversion to field behavior -> perhaps it measures the wrong preference object -> higher-order preferences recover the missing predictive power"
"B","93","p0093","2025","AER","Is Air Pollution Regulation Too Lenient? Evidence from US Offset Markets","new-measurement|implementation|theory","done","True","True","True","D:\codex\aer\shapiro-walker-2025-is-air-pollution-regulation-too-lenient-evidence-from-us-offset-markets.pdf","D:\codex\research-memory\deep-reading\aer_full_ocr_20260407\third_pass_agent_memory_20260608\paper_memories\p0093_is-air-pollution-regulation-too-lenient-evidence-from-us-offset-markets.md","D:\codex\research-memory\deep-reading\aer_full_ocr_20260407\third_pass_agent_memory_20260608\source_packs\p0093_is-air-pollution-regulation-too-lenient-evidence-from-us-offset-markets.source_pack.md","cost-benefit debates usually struggle on the cost side -> offset markets reveal actual willingness to pay for abatement -> matching those prices to benefits gives a policy-stringency test"
"C","94","p0094","2026","AER","Monotonicity among Judges: Evidence from Judicial Panels and Consequences for Judge IV Designs","experiment|implementation|distribution|theory","done","True","True","True","D:\codex\aer\sigstad-2026-monotonicity-among-judges-evidence-from-judicial-panels-and-consequences-for-judge-iv-designs.pdf","D:\codex\research-memory\deep-reading\aer_full_ocr_20260407\third_pass_agent_memory_20260608\paper_memories\p0094_monotonicity-among-judges-evidence-from-judicial-panels-and-consequences-for-judge-iv-desi.md","D:\codex\research-memory\deep-reading\aer_full_ocr_20260407\third_pass_agent_memory_20260608\source_packs\p0094_monotonicity-among-judges-evidence-from-judicial-panels-and-consequences-for-judge-iv-desi.source_pack.md","monotonicity is central but usually unobservable -> panel decisions make it observable -> direct evidence replaces speculation and clarifies how much the practical bias matters"
"A","95","p0095","2025","AER","A Model of Populism as a Conspiracy Theory","spillover|distribution|theory","done","True","True","True","D:\codex\aer\szeidl-szucs-2025-a-model-of-populism-as-a-conspiracy-theory.pdf","D:\codex\research-memory\deep-reading\aer_full_ocr_20260407\third_pass_agent_memory_20260608\paper_memories\p0095_a-model-of-populism-as-a-conspiracy-theory.md","D:\codex\research-memory\deep-reading\aer_full_ocr_20260407\third_pass_agent_memory_20260608\source_packs\p0095_a-model-of-populism-as-a-conspiracy-theory.source_pack.md","populism combines anti-elite rhetoric, conspiratorial framing, and reduced accountability -> a model of alternative reality formation can explain that package coherently"
"C","97","p0097","2026","AER","Evaluating the Impact of Urban Transit Infrastructure: Evidence from Bogotá’s TransMilenio","diff-in-diff|spillover|distribution|theory","done","True","True","True","D:\codex\aer\tsivanidis-2026-evaluating-the-impact-of-urban-transit-infrastructure-evidence-from-bogotá-s-transmilenio.pdf","D:\codex\research-memory\deep-reading\aer_full_ocr_20260407\third_pass_agent_memory_20260608\paper_memories\p0097_evaluating-the-impact-of-urban-transit-infrastructure-evidence-from-bogot-s-transmilenio.md","D:\codex\research-memory\deep-reading\aer_full_ocr_20260407\third_pass_agent_memory_20260608\source_packs\p0097_evaluating-the-impact-of-urban-transit-infrastructure-evidence-from-bogot-s-transmilenio.source_pack.md","transit projects are often evaluated by engineering time savings -> cities are spatial equilibria -> the true gains and their distribution depend on reallocation and land-use responses"
"C","98","p0098","2026","AER","Market Power and Capital Constraints","new-measurement|spillover|policy-interaction|theory","done","True","True","True","D:\codex\aer\wittwer-allen-2026-market-power-and-capital-constraints.pdf","D:\codex\research-memory\deep-reading\aer_full_ocr_20260407\third_pass_agent_memory_20260608\paper_memories\p0098_market-power-and-capital-constraints.md","D:\codex\research-memory\deep-reading\aer_full_ocr_20260407\third_pass_agent_memory_20260608\source_packs\p0098_market-power-and-capital-constraints.source_pack.md","intermediary-asset-pricing papers emphasize capital constraints while market-microstructure papers emphasize market power -> real-world auctions involve both -> their interaction changes prices and liquidity"
"C","99","p0099","2025","AER","Nested Bundling","theory","done","True","True","True","D:\codex\aer\yang-2025-nested-bundling.pdf","D:\codex\research-memory\deep-reading\aer_full_ocr_20260407\third_pass_agent_memory_20260608\paper_memories\p0099_nested-bundling.md","D:\codex\research-memory\deep-reading\aer_full_ocr_20260407\third_pass_agent_memory_20260608\source_packs\p0099_nested-bundling.source_pack.md","firms commonly sell nested plans but theory gives little clean guidance -> a simple partial order recovers when that common practice is actually optimal"
"A","100","p0100","2026","AER","Games on Multiplex Networks","spillover|policy-interaction|distribution|theory","done","True","True","True","D:\codex\aer\zenou-zhou-2026-games-on-multiplex-networks.pdf","D:\codex\research-memory\deep-reading\aer_full_ocr_20260407\third_pass_agent_memory_20260608\paper_memories\p0100_games-on-multiplex-networks.md","D:\codex\research-memory\deep-reading\aer_full_ocr_20260407\third_pass_agent_memory_20260608\source_packs\p0100_games-on-multiplex-networks.source_pack.md","real social systems are multilayer but most network games are not -> adding layers changes both equilibrium and targeting -> multilayer complexity is therefore not decorative but substantive"
